{
  "training_samples": 379,
  "categories": [
    "Food & Drink",
    "Groceries",
    "Shopping",
    "Utilities",
    "Entertainment",
    "Travel",
    "Health & Fitness",
    "Rent",
    "Investment",
    "Salary",
    "Other"
  ],
  "category_stats": {
    "Food & Drink": {
      "count": 80,
      "min": 54.52,
      "max": 2500.0,
      "mean": 787.026375
    },
    "Groceries": {
      "count": 40,
      "min": 241.2,
      "max": 4447.92,
      "mean": 1654.4280000000003
    },
    "Shopping": {
      "count": 50,
      "min": 134.65,
      "max": 15000.0,
      "mean": 4458.9130000000005
    },
    "Utilities": {
      "count": 30,
      "min": 132.9,
      "max": 5528.68,
      "mean": 2188.033
    },
    "Entertainment": {
      "count": 35,
      "min": 54.99,
      "max": 3000.0,
      "mean": 870.9580000000001
    },
    "Travel": {
      "count": 45,
      "min": 91.28,
      "max": 8000.0,
      "mean": 3458.3955555555553
    },
    "Health & Fitness": {
      "count": 25,
      "min": 150.59,
      "max": 3705.3,
      "mean": 1179.6148
    },
    "Rent": {
      "count": 12,
      "min": 5213.98,
      "max": 30000.0,
      "mean": 14185.730833333333
    },
    "Investment": {
      "count": 20,
      "min": 1236.8,
      "max": 50000.0,
      "mean": 13289.042500000001
    },
    "Salary": {
      "count": 12,
      "min": 26159.06,
      "max": 55406.02,
      "mean": 39641.5925
    },
    "Other": {
      "count": 30,
      "min": 160.69,
      "max": 10000.0,
      "mean": 3164.6206666666667
    }
  }
}